,PC1_loading,PC2_loading,PC1_contrib,PC2_contrib,PC1_var_weighted,PC2_var_weighted,PCA2D_importance_raw,PCA2D_importance
x_accel,0.6258814028763782,0.30094337297665263,0.3917275304665032,0.09056691373856465,0.1053242944395433,0.02002053025698579,0.12534482469652908,0.2558427345849107
speed_var,-0.6165329947900154,-0.3235160493398038,0.3801129336647452,0.10466263418043438,0.10220146257759036,0.023136500382843126,0.12533796296043348,0.25582872901801995
mean_speed,-0.32665440802187956,0.5862498371005611,0.10670310228012457,0.3436888715004344,0.02868940293468995,0.07597513448152085,0.1046645374162108,0.21363196710721136
curvature,0.32654019615940455,-0.4571664831567025,0.1066284997078224,0.20900119332186753,0.028669344443315235,0.04620136142350234,0.07487070586681757,0.15281944169330788
loss,-0.09973871819157809,0.500382228777049,0.009947811906499031,0.250382374875887,0.0026746812229958695,0.05534899783036483,0.0580236790533607,0.11843278536333599
y_accel,-0.06985786980940177,-0.041206945807867636,0.004880121974307328,0.0016980123828125402,0.0013121247901844426,0.0003753590233290615,0.0016874838135135042,0.0034443422332140644
